INSERT INTO public.categories (id, title, description) VALUES (1, 'Программирование', 'Обсуждение программирования');
INSERT INTO public.categories (id, title, description) VALUES (2, 'Технические вопросы', 'Помощь с кодом, технологиями и оборудованием');
INSERT INTO public.categories (id, title, description) VALUES (3, 'Флуд', 'Место для неформального общения');
INSERT INTO public.categories (id, title, description) VALUES (4, 'Новости', 'Обсуждение новостей и событий');
INSERT INTO public.categories (id, title, description) VALUES (5, 'Обратная связь', 'Отзывы и предложения по работе форума');
INSERT INTO public.categories (id, title, description) VALUES (6, 'Игры', 'Все об играх и игровой индустрии');
INSERT INTO public.categories (id, title, description) VALUES (7, 'Книги', 'Обсуждение литературы и авторов');
INSERT INTO public.categories (id, title, description) VALUES (8, 'Фильмы и сериалы', 'Рецензии, обсуждения и рекомендации');
INSERT INTO public.categories (id, title, description) VALUES (9, 'Работа и карьера', 'Вопросы трудоустройства, собеседований, опыта');
INSERT INTO public.categories (id, title, description) VALUES (10, 'Учёба', 'Обсуждение образования и самообучения');
INSERT INTO public.topics (id, category_id, title, author_id, created_at, description) VALUES (1, 2, 'Добро пожаловать на форум!', 3, '2025-05-09T21:05:55.681434', 'Обсуждение темы «Добро пожаловать на форум!»');
INSERT INTO public.topics (id, category_id, title, author_id, created_at, description) VALUES (2, 10, 'Как задать вопрос правильно?', 3, '2025-05-12T21:05:55.681453', 'Обсуждение темы «Как задать вопрос правильно?»');
INSERT INTO public.topics (id, category_id, title, author_id, created_at, description) VALUES (3, 1, 'Смешные истории из жизни', 7, '2025-05-22T21:05:55.681460', 'Обсуждение темы «Смешные истории из жизни»');
INSERT INTO public.topics (id, category_id, title, author_id, created_at, description) VALUES (4, 4, 'Последние новости IT', 5, '2025-05-03T21:05:55.681465', 'Обсуждение темы «Последние новости IT»');
INSERT INTO public.topics (id, category_id, title, author_id, created_at, description) VALUES (5, 7, 'Что бы вы хотели улучшить на форуме?', 7, '2025-05-20T21:05:55.681471', 'Обсуждение темы «Что бы вы хотели улучшить на форуме?»');
INSERT INTO public.topics (id, category_id, title, author_id, created_at, description) VALUES (6, 2, 'Во что сейчас играете?', 8, '2025-05-24T21:05:55.681476', 'Обсуждение темы «Во что сейчас играете?»');
INSERT INTO public.topics (id, category_id, title, author_id, created_at, description) VALUES (7, 5, 'Рекомендации по книгам', 8, '2025-05-17T21:05:55.681482', 'Обсуждение темы «Рекомендации по книгам»');
INSERT INTO public.topics (id, category_id, title, author_id, created_at, description) VALUES (8, 2, 'Лучшие сериалы 2024 года', 1, '2025-04-29T21:05:55.681490', 'Обсуждение темы «Лучшие сериалы 2024 года»');
INSERT INTO public.topics (id, category_id, title, author_id, created_at, description) VALUES (9, 8, 'Как пройти собеседование в крупную компанию?', 7, '2025-05-12T21:05:55.681496', 'Обсуждение темы «Как пройти собеседование в крупную компанию?»');
INSERT INTO public.topics (id, category_id, title, author_id, created_at, description) VALUES (10, 7, 'Курсы, которые реально помогли', 8, '2025-05-10T21:05:55.681502', 'Обсуждение темы «Курсы, которые реально помогли»');
INSERT INTO public.messages (id, topic_id, author_id, content, created_at) VALUES (1, 2, 7, 'Добавлю пару мыслей от себя... (#1)', '2025-05-23T08:47:55.681622');
INSERT INTO public.messages (id, topic_id, author_id, content, created_at) VALUES (2, 4, 5, 'Хороший вопрос, сам бы хотел знать. (#2)', '2025-05-22T17:35:55.681633');
INSERT INTO public.messages (id, topic_id, author_id, content, created_at) VALUES (3, 5, 3, 'Спасибо за объяснение! (#3)', '2025-05-23T03:38:55.681640');
INSERT INTO public.messages (id, topic_id, author_id, content, created_at) VALUES (4, 2, 5, 'Полностью согласен с автором! (#4)', '2025-05-25T17:23:55.681646');
INSERT INTO public.messages (id, topic_id, author_id, content, created_at) VALUES (5, 3, 2, 'Добавлю пару мыслей от себя... (#5)', '2025-05-23T17:16:55.681652');
INSERT INTO public.messages (id, topic_id, author_id, content, created_at) VALUES (6, 5, 2, 'У кого-то был похожий опыт? (#6)', '2025-05-22T11:25:55.681658');
INSERT INTO public.messages (id, topic_id, author_id, content, created_at) VALUES (7, 7, 1, 'У кого-то был похожий опыт? (#7)', '2025-05-24T04:48:55.681665');
INSERT INTO public.messages (id, topic_id, author_id, content, created_at) VALUES (8, 2, 5, 'Хороший вопрос, сам бы хотел знать. (#8)', '2025-05-24T23:29:55.681673');
INSERT INTO public.messages (id, topic_id, author_id, content, created_at) VALUES (9, 4, 5, 'Не согласен, тут всё иначе работает. (#9)', '2025-05-23T02:05:55.681683');
INSERT INTO public.messages (id, topic_id, author_id, content, created_at) VALUES (10, 5, 7, 'Поясните подробнее, пожалуйста. (#10)', '2025-05-23T01:47:55.681694');
INSERT INTO public.messages (id, topic_id, author_id, content, created_at) VALUES (11, 1, 8, 'Хороший вопрос, сам бы хотел знать. (#11)', '2025-05-25T20:41:55.681705');
INSERT INTO public.messages (id, topic_id, author_id, content, created_at) VALUES (12, 1, 7, 'Спасибо за объяснение! (#12)', '2025-05-25T18:30:55.681722');
INSERT INTO public.messages (id, topic_id, author_id, content, created_at) VALUES (13, 7, 5, 'У кого-то был похожий опыт? (#13)', '2025-05-24T13:19:55.681729');
INSERT INTO public.messages (id, topic_id, author_id, content, created_at) VALUES (14, 4, 7, 'Добавлю пару мыслей от себя... (#14)', '2025-05-25T05:48:55.681735');
INSERT INTO public.messages (id, topic_id, author_id, content, created_at) VALUES (15, 9, 2, 'У кого-то был похожий опыт? (#15)', '2025-05-23T13:16:55.681740');
INSERT INTO public.messages (id, topic_id, author_id, content, created_at) VALUES (16, 4, 1, 'Поясните подробнее, пожалуйста. (#16)', '2025-05-24T03:14:55.681747');
INSERT INTO public.messages (id, topic_id, author_id, content, created_at) VALUES (17, 4, 7, 'Не согласен, тут всё иначе работает. (#17)', '2025-05-23T14:44:55.681752');
INSERT INTO public.messages (id, topic_id, author_id, content, created_at) VALUES (18, 2, 7, 'Интересное замечание, спасибо. (#18)', '2025-05-22T18:07:55.681758');
INSERT INTO public.messages (id, topic_id, author_id, content, created_at) VALUES (19, 9, 5, 'У кого-то был похожий опыт? (#19)', '2025-05-25T02:54:55.681764');
INSERT INTO public.messages (id, topic_id, author_id, content, created_at) VALUES (20, 5, 7, 'Добавлю пару мыслей от себя... (#20)', '2025-05-24T19:46:55.681769');
INSERT INTO public.messages (id, topic_id, author_id, content, created_at) VALUES (21, 3, 7, 'Хороший вопрос, сам бы хотел знать. (#21)', '2025-05-22T17:16:55.681775');
INSERT INTO public.messages (id, topic_id, author_id, content, created_at) VALUES (22, 8, 1, 'Хороший вопрос, сам бы хотел знать. (#22)', '2025-05-25T12:52:55.681785');
INSERT INTO public.messages (id, topic_id, author_id, content, created_at) VALUES (23, 7, 1, 'Не согласен, тут всё иначе работает. (#23)', '2025-05-23T14:00:55.681791');
INSERT INTO public.messages (id, topic_id, author_id, content, created_at) VALUES (24, 5, 2, 'Поясните подробнее, пожалуйста. (#24)', '2025-05-24T19:24:55.681796');
INSERT INTO public.messages (id, topic_id, author_id, content, created_at) VALUES (25, 8, 2, 'Это очень помогло, благодарю. (#25)', '2025-05-22T22:05:55.681802');
INSERT INTO public.messages (id, topic_id, author_id, content, created_at) VALUES (26, 2, 7, 'Спасибо за объяснение! (#26)', '2025-05-24T22:03:55.681808');
INSERT INTO public.messages (id, topic_id, author_id, content, created_at) VALUES (27, 8, 2, 'Поясните подробнее, пожалуйста. (#27)', '2025-05-23T00:35:55.681813');
INSERT INTO public.messages (id, topic_id, author_id, content, created_at) VALUES (28, 5, 7, 'У кого-то был похожий опыт? (#28)', '2025-05-22T11:50:55.681819');
INSERT INTO public.messages (id, topic_id, author_id, content, created_at) VALUES (29, 7, 5, 'Хороший вопрос, сам бы хотел знать. (#29)', '2025-05-23T17:17:55.681825');
INSERT INTO public.messages (id, topic_id, author_id, content, created_at) VALUES (30, 6, 7, 'Интересное замечание, спасибо. (#30)', '2025-05-25T06:13:55.681831');
INSERT INTO public.messages (id, topic_id, author_id, content, created_at) VALUES (31, 8, 3, 'Полностью согласен с автором! (#31)', '2025-05-25T18:40:55.681839');
INSERT INTO public.messages (id, topic_id, author_id, content, created_at) VALUES (32, 5, 7, 'Спасибо за объяснение! (#32)', '2025-05-25T14:15:55.681845');
INSERT INTO public.messages (id, topic_id, author_id, content, created_at) VALUES (33, 9, 5, 'Добавлю пару мыслей от себя... (#33)', '2025-05-24T21:05:55.681851');
INSERT INTO public.messages (id, topic_id, author_id, content, created_at) VALUES (34, 2, 2, 'Полностью согласен с автором! (#34)', '2025-05-23T19:02:55.681857');
INSERT INTO public.messages (id, topic_id, author_id, content, created_at) VALUES (35, 10, 3, 'Спасибо за объяснение! (#35)', '2025-05-22T15:03:55.681863');
INSERT INTO public.messages (id, topic_id, author_id, content, created_at) VALUES (36, 1, 5, 'Ссылка на источник: https://example.com (#36)', '2025-05-23T14:03:55.681873');
INSERT INTO public.messages (id, topic_id, author_id, content, created_at) VALUES (37, 6, 7, 'Хороший вопрос, сам бы хотел знать. (#37)', '2025-05-22T19:24:55.681882');
INSERT INTO public.messages (id, topic_id, author_id, content, created_at) VALUES (38, 4, 1, 'Интересное замечание, спасибо. (#38)', '2025-05-25T16:33:55.681895');
INSERT INTO public.messages (id, topic_id, author_id, content, created_at) VALUES (39, 6, 1, 'Полностью согласен с автором! (#39)', '2025-05-23T05:42:55.681901');
INSERT INTO public.messages (id, topic_id, author_id, content, created_at) VALUES (40, 4, 8, 'Это очень помогло, благодарю. (#40)', '2025-05-24T22:22:55.681907');
INSERT INTO public.messages (id, topic_id, author_id, content, created_at) VALUES (41, 7, 8, 'Полностью согласен с автором! (#41)', '2025-05-25T00:17:55.681912');
INSERT INTO public.messages (id, topic_id, author_id, content, created_at) VALUES (42, 6, 8, 'Интересное замечание, спасибо. (#42)', '2025-05-23T19:47:55.681919');
INSERT INTO public.messages (id, topic_id, author_id, content, created_at) VALUES (43, 8, 8, 'Ссылка на источник: https://example.com (#43)', '2025-05-25T14:11:55.681925');
INSERT INTO public.messages (id, topic_id, author_id, content, created_at) VALUES (44, 6, 2, 'Интересное замечание, спасибо. (#44)', '2025-05-24T12:55:55.681930');
INSERT INTO public.messages (id, topic_id, author_id, content, created_at) VALUES (45, 8, 1, 'Не согласен, тут всё иначе работает. (#45)', '2025-05-23T07:20:55.681935');
INSERT INTO public.messages (id, topic_id, author_id, content, created_at) VALUES (46, 8, 7, 'Не согласен, тут всё иначе работает. (#46)', '2025-05-22T21:17:55.681941');
INSERT INTO public.messages (id, topic_id, author_id, content, created_at) VALUES (47, 6, 1, 'Ссылка на источник: https://example.com (#47)', '2025-05-24T08:41:55.681947');
INSERT INTO public.messages (id, topic_id, author_id, content, created_at) VALUES (48, 3, 1, 'У кого-то был похожий опыт? (#48)', '2025-05-23T07:27:55.681952');
INSERT INTO public.messages (id, topic_id, author_id, content, created_at) VALUES (49, 8, 5, 'Ссылка на источник: https://example.com (#49)', '2025-05-24T04:03:55.681958');
INSERT INTO public.messages (id, topic_id, author_id, content, created_at) VALUES (50, 5, 3, 'У кого-то был похожий опыт? (#50)', '2025-05-23T17:57:55.681963');
INSERT INTO public.messages (id, topic_id, author_id, content, created_at) VALUES (51, 8, 1, 'Поясните подробнее, пожалуйста. (#51)', '2025-05-22T12:54:55.681969');
INSERT INTO public.messages (id, topic_id, author_id, content, created_at) VALUES (52, 1, 8, 'Поясните подробнее, пожалуйста. (#52)', '2025-05-24T03:28:55.681974');
INSERT INTO public.messages (id, topic_id, author_id, content, created_at) VALUES (53, 7, 5, 'Хороший вопрос, сам бы хотел знать. (#53)', '2025-05-25T14:53:55.681981');
INSERT INTO public.messages (id, topic_id, author_id, content, created_at) VALUES (54, 5, 7, 'Спасибо за объяснение! (#54)', '2025-05-25T08:29:55.681986');
INSERT INTO public.messages (id, topic_id, author_id, content, created_at) VALUES (55, 4, 5, 'Ссылка на источник: https://example.com (#55)', '2025-05-22T13:47:55.681992');
INSERT INTO public.messages (id, topic_id, author_id, content, created_at) VALUES (56, 9, 7, 'Это очень помогло, благодарю. (#56)', '2025-05-23T12:53:55.681998');
INSERT INTO public.messages (id, topic_id, author_id, content, created_at) VALUES (57, 5, 3, 'Не согласен, тут всё иначе работает. (#57)', '2025-05-23T11:19:55.682003');
INSERT INTO public.messages (id, topic_id, author_id, content, created_at) VALUES (58, 8, 7, 'Поясните подробнее, пожалуйста. (#58)', '2025-05-23T06:18:55.682009');
INSERT INTO public.messages (id, topic_id, author_id, content, created_at) VALUES (59, 10, 8, 'Это очень помогло, благодарю. (#59)', '2025-05-23T16:47:55.682015');
INSERT INTO public.messages (id, topic_id, author_id, content, created_at) VALUES (60, 7, 5, 'Полностью согласен с автором! (#60)', '2025-05-25T00:41:55.682020');
INSERT INTO public.messages (id, topic_id, author_id, content, created_at) VALUES (61, 3, 7, 'Интересное замечание, спасибо. (#61)', '2025-05-25T13:49:55.682026');
INSERT INTO public.messages (id, topic_id, author_id, content, created_at) VALUES (62, 1, 5, 'Поясните подробнее, пожалуйста. (#62)', '2025-05-23T08:31:55.682031');
INSERT INTO public.messages (id, topic_id, author_id, content, created_at) VALUES (63, 4, 2, 'Поясните подробнее, пожалуйста. (#63)', '2025-05-24T11:10:55.682037');
INSERT INTO public.messages (id, topic_id, author_id, content, created_at) VALUES (64, 6, 2, 'Не согласен, тут всё иначе работает. (#64)', '2025-05-23T01:22:55.682043');
INSERT INTO public.messages (id, topic_id, author_id, content, created_at) VALUES (65, 6, 5, 'Поясните подробнее, пожалуйста. (#65)', '2025-05-25T10:08:55.682049');
INSERT INTO public.messages (id, topic_id, author_id, content, created_at) VALUES (66, 4, 3, 'Интересное замечание, спасибо. (#66)', '2025-05-24T11:00:55.682059');
INSERT INTO public.messages (id, topic_id, author_id, content, created_at) VALUES (67, 8, 2, 'Ссылка на источник: https://example.com (#67)', '2025-05-22T22:11:55.682068');
INSERT INTO public.messages (id, topic_id, author_id, content, created_at) VALUES (68, 7, 1, 'Спасибо за объяснение! (#68)', '2025-05-25T07:13:55.682078');
INSERT INTO public.messages (id, topic_id, author_id, content, created_at) VALUES (69, 7, 7, 'Добавлю пару мыслей от себя... (#69)', '2025-05-24T13:28:55.682088');
INSERT INTO public.messages (id, topic_id, author_id, content, created_at) VALUES (70, 10, 3, 'Спасибо за объяснение! (#70)', '2025-05-25T01:32:55.682097');
INSERT INTO public.messages (id, topic_id, author_id, content, created_at) VALUES (71, 10, 3, 'Ссылка на источник: https://example.com (#71)', '2025-05-24T17:11:55.682107');
INSERT INTO public.messages (id, topic_id, author_id, content, created_at) VALUES (72, 7, 1, 'Не согласен, тут всё иначе работает. (#72)', '2025-05-25T13:32:55.682116');
INSERT INTO public.messages (id, topic_id, author_id, content, created_at) VALUES (73, 7, 3, 'Спасибо за объяснение! (#73)', '2025-05-24T17:29:55.682126');
INSERT INTO public.messages (id, topic_id, author_id, content, created_at) VALUES (74, 10, 7, 'Интересное замечание, спасибо. (#74)', '2025-05-25T15:37:55.682133');
INSERT INTO public.messages (id, topic_id, author_id, content, created_at) VALUES (75, 2, 5, 'Добавлю пару мыслей от себя... (#75)', '2025-05-23T01:41:55.682139');
INSERT INTO public.messages (id, topic_id, author_id, content, created_at) VALUES (76, 4, 5, 'Спасибо за объяснение! (#76)', '2025-05-24T17:53:55.682144');
INSERT INTO public.messages (id, topic_id, author_id, content, created_at) VALUES (77, 6, 2, 'Поясните подробнее, пожалуйста. (#77)', '2025-05-24T01:06:55.682150');
INSERT INTO public.messages (id, topic_id, author_id, content, created_at) VALUES (78, 8, 2, 'Хороший вопрос, сам бы хотел знать. (#78)', '2025-05-23T10:52:55.682155');
INSERT INTO public.messages (id, topic_id, author_id, content, created_at) VALUES (79, 4, 5, 'Не согласен, тут всё иначе работает. (#79)', '2025-05-24T17:14:55.682161');
INSERT INTO public.messages (id, topic_id, author_id, content, created_at) VALUES (80, 9, 8, 'Хороший вопрос, сам бы хотел знать. (#80)', '2025-05-25T18:51:55.682166');
INSERT INTO public.messages (id, topic_id, author_id, content, created_at) VALUES (81, 2, 7, 'Спасибо за объяснение! (#81)', '2025-05-22T10:21:55.682172');
INSERT INTO public.messages (id, topic_id, author_id, content, created_at) VALUES (82, 3, 3, 'Интересное замечание, спасибо. (#82)', '2025-05-24T00:36:55.682177');
INSERT INTO public.messages (id, topic_id, author_id, content, created_at) VALUES (83, 4, 2, 'Ссылка на источник: https://example.com (#83)', '2025-05-22T21:17:55.682183');
INSERT INTO public.messages (id, topic_id, author_id, content, created_at) VALUES (84, 7, 5, 'Не согласен, тут всё иначе работает. (#84)', '2025-05-24T18:03:55.682188');
INSERT INTO public.messages (id, topic_id, author_id, content, created_at) VALUES (85, 5, 1, 'Интересное замечание, спасибо. (#85)', '2025-05-23T06:14:55.682194');
INSERT INTO public.messages (id, topic_id, author_id, content, created_at) VALUES (86, 6, 5, 'Поясните подробнее, пожалуйста. (#86)', '2025-05-22T10:56:55.682200');
INSERT INTO public.messages (id, topic_id, author_id, content, created_at) VALUES (87, 4, 2, 'Ссылка на источник: https://example.com (#87)', '2025-05-22T19:36:55.682205');
INSERT INTO public.messages (id, topic_id, author_id, content, created_at) VALUES (88, 9, 8, 'У кого-то был похожий опыт? (#88)', '2025-05-22T20:44:55.682211');
INSERT INTO public.messages (id, topic_id, author_id, content, created_at) VALUES (89, 5, 1, 'Добавлю пару мыслей от себя... (#89)', '2025-05-24T23:04:55.682217');
INSERT INTO public.messages (id, topic_id, author_id, content, created_at) VALUES (90, 7, 2, 'Спасибо за объяснение! (#90)', '2025-05-22T20:19:55.682223');
INSERT INTO public.messages (id, topic_id, author_id, content, created_at) VALUES (91, 4, 2, 'Спасибо за объяснение! (#91)', '2025-05-25T09:39:55.682228');
INSERT INTO public.messages (id, topic_id, author_id, content, created_at) VALUES (92, 1, 3, 'Поясните подробнее, пожалуйста. (#92)', '2025-05-25T04:20:55.682234');
INSERT INTO public.messages (id, topic_id, author_id, content, created_at) VALUES (93, 7, 1, 'Хороший вопрос, сам бы хотел знать. (#93)', '2025-05-23T06:43:55.682244');
INSERT INTO public.messages (id, topic_id, author_id, content, created_at) VALUES (94, 1, 3, 'Интересное замечание, спасибо. (#94)', '2025-05-25T05:26:55.682253');
INSERT INTO public.messages (id, topic_id, author_id, content, created_at) VALUES (95, 4, 8, 'У кого-то был похожий опыт? (#95)', '2025-05-23T02:36:55.682263');
INSERT INTO public.messages (id, topic_id, author_id, content, created_at) VALUES (96, 3, 5, 'Не согласен, тут всё иначе работает. (#96)', '2025-05-23T04:42:55.682273');
INSERT INTO public.messages (id, topic_id, author_id, content, created_at) VALUES (97, 8, 8, 'Добавлю пару мыслей от себя... (#97)', '2025-05-23T20:13:55.682279');
INSERT INTO public.messages (id, topic_id, author_id, content, created_at) VALUES (98, 5, 1, 'Добавлю пару мыслей от себя... (#98)', '2025-05-23T16:50:55.682284');
INSERT INTO public.messages (id, topic_id, author_id, content, created_at) VALUES (99, 5, 1, 'Интересное замечание, спасибо. (#99)', '2025-05-22T16:19:55.682290');
INSERT INTO public.messages (id, topic_id, author_id, content, created_at) VALUES (100, 6, 5, 'Добавлю пару мыслей от себя... (#100)', '2025-05-23T14:20:55.682296');